split,crop image filepath,label
train,preprocessed_data/REFUGE1/train/glaucoma/g0025.jpg,glaucoma
train,preprocessed_data/REFUGE1/train/glaucoma/g0031.jpg,glaucoma
train,preprocessed_data/REFUGE1/train/glaucoma/g0001.jpg,glaucoma
train,preprocessed_data/REFUGE1/train/glaucoma/g0023.jpg,glaucoma
train,preprocessed_data/REFUGE1/train/glaucoma/g0015.jpg,glaucoma
train,preprocessed_data/REFUGE1/train/glaucoma/g0034.jpg,glaucoma
train,preprocessed_data/REFUGE1/train/glaucoma/g0016.jpg,glaucoma
train,preprocessed_data/REFUGE1/train/glaucoma/g0018.jpg,glaucoma
train,preprocessed_data/REFUGE1/train/glaucoma/g0030.jpg,glaucoma
train,preprocessed_data/REFUGE1/train/glaucoma/g0026.jpg,glaucoma
train,preprocessed_data/REFUGE1/train/glaucoma/g0024.jpg,glaucoma
train,preprocessed_data/REFUGE1/train/glaucoma/g0029.jpg,glaucoma
train,preprocessed_data/REFUGE1/train/glaucoma/g0038.jpg,glaucoma
train,preprocessed_data/REFUGE1/train/glaucoma/g0035.jpg,glaucoma
train,preprocessed_data/REFUGE1/train/glaucoma/g0002.jpg,glaucoma
train,preprocessed_data/REFUGE1/train/glaucoma/g0027.jpg,glaucoma
train,preprocessed_data/REFUGE1/train/glaucoma/g0004.jpg,glaucoma
train,preprocessed_data/REFUGE1/train/glaucoma/g0022.jpg,glaucoma
train,preprocessed_data/REFUGE1/train/glaucoma/g0010.jpg,glaucoma
train,preprocessed_data/REFUGE1/train/glaucoma/g0007.jpg,glaucoma
train,preprocessed_data/REFUGE1/train/glaucoma/g0012.jpg,glaucoma
train,preprocessed_data/REFUGE1/train/glaucoma/g0006.jpg,glaucoma
train,preprocessed_data/REFUGE1/train/glaucoma/g0009.jpg,glaucoma
train,preprocessed_data/REFUGE1/train/glaucoma/g0021.jpg,glaucoma
train,preprocessed_data/REFUGE1/train/glaucoma/g0032.jpg,glaucoma
train,preprocessed_data/REFUGE1/train/glaucoma/g0017.jpg,glaucoma
train,preprocessed_data/REFUGE1/train/glaucoma/g0019.jpg,glaucoma
train,preprocessed_data/REFUGE1/train/glaucoma/g0005.jpg,glaucoma
train,preprocessed_data/REFUGE1/train/glaucoma/g0039.jpg,glaucoma
train,preprocessed_data/REFUGE1/train/glaucoma/g0008.jpg,glaucoma
train,preprocessed_data/REFUGE1/train/glaucoma/g0037.jpg,glaucoma
train,preprocessed_data/REFUGE1/train/glaucoma/g0003.jpg,glaucoma
train,preprocessed_data/REFUGE1/train/glaucoma/g0011.jpg,glaucoma
train,preprocessed_data/REFUGE1/train/glaucoma/g0040.jpg,glaucoma
train,preprocessed_data/REFUGE1/train/glaucoma/g0014.jpg,glaucoma
train,preprocessed_data/REFUGE1/train/glaucoma/g0020.jpg,glaucoma
train,preprocessed_data/REFUGE1/train/glaucoma/g0013.jpg,glaucoma
train,preprocessed_data/REFUGE1/train/glaucoma/g0028.jpg,glaucoma
train,preprocessed_data/REFUGE1/train/glaucoma/g0036.jpg,glaucoma
train,preprocessed_data/REFUGE1/train/glaucoma/g0033.jpg,glaucoma
train,preprocessed_data/REFUGE1/train/normal/n0192.jpg,normal
train,preprocessed_data/REFUGE1/train/normal/n0059.jpg,normal
train,preprocessed_data/REFUGE1/train/normal/n0148.jpg,normal
train,preprocessed_data/REFUGE1/train/normal/n0177.jpg,normal
train,preprocessed_data/REFUGE1/train/normal/n0163.jpg,normal
train,preprocessed_data/REFUGE1/train/normal/n0158.jpg,normal
train,preprocessed_data/REFUGE1/train/normal/n0324.jpg,normal
train,preprocessed_data/REFUGE1/train/normal/n0319.jpg,normal
train,preprocessed_data/REFUGE1/train/normal/n0095.jpg,normal
train,preprocessed_data/REFUGE1/train/normal/n0205.jpg,normal
train,preprocessed_data/REFUGE1/train/normal/n0064.jpg,normal
train,preprocessed_data/REFUGE1/train/normal/n0008.jpg,normal
train,preprocessed_data/REFUGE1/train/normal/n0349.jpg,normal
train,preprocessed_data/REFUGE1/train/normal/n0246.jpg,normal
train,preprocessed_data/REFUGE1/train/normal/n0238.jpg,normal
train,preprocessed_data/REFUGE1/train/normal/n0303.jpg,normal
train,preprocessed_data/REFUGE1/train/normal/n0011.jpg,normal
train,preprocessed_data/REFUGE1/train/normal/n0142.jpg,normal
train,preprocessed_data/REFUGE1/train/normal/n0097.jpg,normal
train,preprocessed_data/REFUGE1/train/normal/n0203.jpg,normal
train,preprocessed_data/REFUGE1/train/normal/n0004.jpg,normal
train,preprocessed_data/REFUGE1/train/normal/n0170.jpg,normal
train,preprocessed_data/REFUGE1/train/normal/n0091.jpg,normal
train,preprocessed_data/REFUGE1/train/normal/n0294.jpg,normal
train,preprocessed_data/REFUGE1/train/normal/n0051.jpg,normal
train,preprocessed_data/REFUGE1/train/normal/n0090.jpg,normal
train,preprocessed_data/REFUGE1/train/normal/n0086.jpg,normal
train,preprocessed_data/REFUGE1/train/normal/n0002.jpg,normal
train,preprocessed_data/REFUGE1/train/normal/n0037.jpg,normal
train,preprocessed_data/REFUGE1/train/normal/n0330.jpg,normal
train,preprocessed_data/REFUGE1/train/normal/n0239.jpg,normal
train,preprocessed_data/REFUGE1/train/normal/n0063.jpg,normal
train,preprocessed_data/REFUGE1/train/normal/n0157.jpg,normal
train,preprocessed_data/REFUGE1/train/normal/n0199.jpg,normal
train,preprocessed_data/REFUGE1/train/normal/n0328.jpg,normal
train,preprocessed_data/REFUGE1/train/normal/n0284.jpg,normal
train,preprocessed_data/REFUGE1/train/normal/n0273.jpg,normal
train,preprocessed_data/REFUGE1/train/normal/n0141.jpg,normal
train,preprocessed_data/REFUGE1/train/normal/n0076.jpg,normal
train,preprocessed_data/REFUGE1/train/normal/n0290.jpg,normal
train,preprocessed_data/REFUGE1/train/normal/n0160.jpg,normal
train,preprocessed_data/REFUGE1/train/normal/n0317.jpg,normal
train,preprocessed_data/REFUGE1/train/normal/n0035.jpg,normal
train,preprocessed_data/REFUGE1/train/normal/n0352.jpg,normal
train,preprocessed_data/REFUGE1/train/normal/n0313.jpg,normal
train,preprocessed_data/REFUGE1/train/normal/n0255.jpg,normal
train,preprocessed_data/REFUGE1/train/normal/n0298.jpg,normal
train,preprocessed_data/REFUGE1/train/normal/n0102.jpg,normal
train,preprocessed_data/REFUGE1/train/normal/n0071.jpg,normal
train,preprocessed_data/REFUGE1/train/normal/n0107.jpg,normal
train,preprocessed_data/REFUGE1/train/normal/n0235.jpg,normal
train,preprocessed_data/REFUGE1/train/normal/n0174.jpg,normal
train,preprocessed_data/REFUGE1/train/normal/n0122.jpg,normal
train,preprocessed_data/REFUGE1/train/normal/n0068.jpg,normal
train,preprocessed_data/REFUGE1/train/normal/n0178.jpg,normal
train,preprocessed_data/REFUGE1/train/normal/n0081.jpg,normal
train,preprocessed_data/REFUGE1/train/normal/n0080.jpg,normal
train,preprocessed_data/REFUGE1/train/normal/n0186.jpg,normal
train,preprocessed_data/REFUGE1/train/normal/n0229.jpg,normal
train,preprocessed_data/REFUGE1/train/normal/n0241.jpg,normal
train,preprocessed_data/REFUGE1/train/normal/n0120.jpg,normal
train,preprocessed_data/REFUGE1/train/normal/n0098.jpg,normal
train,preprocessed_data/REFUGE1/train/normal/n0139.jpg,normal
train,preprocessed_data/REFUGE1/train/normal/n0154.jpg,normal
train,preprocessed_data/REFUGE1/train/normal/n0069.jpg,normal
train,preprocessed_data/REFUGE1/train/normal/n0259.jpg,normal
train,preprocessed_data/REFUGE1/train/normal/n0201.jpg,normal
train,preprocessed_data/REFUGE1/train/normal/n0137.jpg,normal
train,preprocessed_data/REFUGE1/train/normal/n0099.jpg,normal
train,preprocessed_data/REFUGE1/train/normal/n0145.jpg,normal
train,preprocessed_data/REFUGE1/train/normal/n0198.jpg,normal
train,preprocessed_data/REFUGE1/train/normal/n0150.jpg,normal
train,preprocessed_data/REFUGE1/train/normal/n0129.jpg,normal
train,preprocessed_data/REFUGE1/train/normal/n0103.jpg,normal
train,preprocessed_data/REFUGE1/train/normal/n0309.jpg,normal
train,preprocessed_data/REFUGE1/train/normal/n0190.jpg,normal
train,preprocessed_data/REFUGE1/train/normal/n0275.jpg,normal
train,preprocessed_data/REFUGE1/train/normal/n0151.jpg,normal
train,preprocessed_data/REFUGE1/train/normal/n0279.jpg,normal
train,preprocessed_data/REFUGE1/train/normal/n0316.jpg,normal
train,preprocessed_data/REFUGE1/train/normal/n0082.jpg,normal
train,preprocessed_data/REFUGE1/train/normal/n0062.jpg,normal
train,preprocessed_data/REFUGE1/train/normal/n0181.jpg,normal
train,preprocessed_data/REFUGE1/train/normal/n0032.jpg,normal
train,preprocessed_data/REFUGE1/train/normal/n0278.jpg,normal
train,preprocessed_data/REFUGE1/train/normal/n0030.jpg,normal
train,preprocessed_data/REFUGE1/train/normal/n0307.jpg,normal
train,preprocessed_data/REFUGE1/train/normal/n0341.jpg,normal
train,preprocessed_data/REFUGE1/train/normal/n0296.jpg,normal
train,preprocessed_data/REFUGE1/train/normal/n0052.jpg,normal
train,preprocessed_data/REFUGE1/train/normal/n0041.jpg,normal
train,preprocessed_data/REFUGE1/train/normal/n0299.jpg,normal
train,preprocessed_data/REFUGE1/train/normal/n0221.jpg,normal
train,preprocessed_data/REFUGE1/train/normal/n0021.jpg,normal
train,preprocessed_data/REFUGE1/train/normal/n0134.jpg,normal
train,preprocessed_data/REFUGE1/train/normal/n0325.jpg,normal
train,preprocessed_data/REFUGE1/train/normal/n0075.jpg,normal
train,preprocessed_data/REFUGE1/train/normal/n0026.jpg,normal
train,preprocessed_data/REFUGE1/train/normal/n0001.jpg,normal
train,preprocessed_data/REFUGE1/train/normal/n0359.jpg,normal
train,preprocessed_data/REFUGE1/train/normal/n0247.jpg,normal
train,preprocessed_data/REFUGE1/train/normal/n0224.jpg,normal
train,preprocessed_data/REFUGE1/train/normal/n0045.jpg,normal
train,preprocessed_data/REFUGE1/train/normal/n0156.jpg,normal
train,preprocessed_data/REFUGE1/train/normal/n0023.jpg,normal
train,preprocessed_data/REFUGE1/train/normal/n0185.jpg,normal
train,preprocessed_data/REFUGE1/train/normal/n0033.jpg,normal
train,preprocessed_data/REFUGE1/train/normal/n0340.jpg,normal
train,preprocessed_data/REFUGE1/train/normal/n0015.jpg,normal
train,preprocessed_data/REFUGE1/train/normal/n0100.jpg,normal
train,preprocessed_data/REFUGE1/train/normal/n0200.jpg,normal
train,preprocessed_data/REFUGE1/train/normal/n0286.jpg,normal
train,preprocessed_data/REFUGE1/train/normal/n0180.jpg,normal
train,preprocessed_data/REFUGE1/train/normal/n0234.jpg,normal
train,preprocessed_data/REFUGE1/train/normal/n0265.jpg,normal
train,preprocessed_data/REFUGE1/train/normal/n0223.jpg,normal
train,preprocessed_data/REFUGE1/train/normal/n0040.jpg,normal
train,preprocessed_data/REFUGE1/train/normal/n0226.jpg,normal
train,preprocessed_data/REFUGE1/train/normal/n0282.jpg,normal
train,preprocessed_data/REFUGE1/train/normal/n0195.jpg,normal
train,preprocessed_data/REFUGE1/train/normal/n0189.jpg,normal
train,preprocessed_data/REFUGE1/train/normal/n0232.jpg,normal
train,preprocessed_data/REFUGE1/train/normal/n0073.jpg,normal
train,preprocessed_data/REFUGE1/train/normal/n0048.jpg,normal
train,preprocessed_data/REFUGE1/train/normal/n0182.jpg,normal
train,preprocessed_data/REFUGE1/train/normal/n0216.jpg,normal
train,preprocessed_data/REFUGE1/train/normal/n0101.jpg,normal
train,preprocessed_data/REFUGE1/train/normal/n0270.jpg,normal
train,preprocessed_data/REFUGE1/train/normal/n0131.jpg,normal
train,preprocessed_data/REFUGE1/train/normal/n0056.jpg,normal
train,preprocessed_data/REFUGE1/train/normal/n0318.jpg,normal
train,preprocessed_data/REFUGE1/train/normal/n0210.jpg,normal
train,preprocessed_data/REFUGE1/train/normal/n0237.jpg,normal
train,preprocessed_data/REFUGE1/train/normal/n0269.jpg,normal
train,preprocessed_data/REFUGE1/train/normal/n0096.jpg,normal
train,preprocessed_data/REFUGE1/train/normal/n0127.jpg,normal
train,preprocessed_data/REFUGE1/train/normal/n0110.jpg,normal
train,preprocessed_data/REFUGE1/train/normal/n0217.jpg,normal
train,preprocessed_data/REFUGE1/train/normal/n0029.jpg,normal
train,preprocessed_data/REFUGE1/train/normal/n0066.jpg,normal
train,preprocessed_data/REFUGE1/train/normal/n0147.jpg,normal
train,preprocessed_data/REFUGE1/train/normal/n0214.jpg,normal
train,preprocessed_data/REFUGE1/train/normal/n0220.jpg,normal
train,preprocessed_data/REFUGE1/train/normal/n0077.jpg,normal
train,preprocessed_data/REFUGE1/train/normal/n0116.jpg,normal
train,preprocessed_data/REFUGE1/train/normal/n0058.jpg,normal
train,preprocessed_data/REFUGE1/train/normal/n0236.jpg,normal
train,preprocessed_data/REFUGE1/train/normal/n0128.jpg,normal
train,preprocessed_data/REFUGE1/train/normal/n0358.jpg,normal
train,preprocessed_data/REFUGE1/train/normal/n0218.jpg,normal
train,preprocessed_data/REFUGE1/train/normal/n0088.jpg,normal
train,preprocessed_data/REFUGE1/train/normal/n0301.jpg,normal
train,preprocessed_data/REFUGE1/train/normal/n0297.jpg,normal
train,preprocessed_data/REFUGE1/train/normal/n0249.jpg,normal
train,preprocessed_data/REFUGE1/train/normal/n0039.jpg,normal
train,preprocessed_data/REFUGE1/train/normal/n0276.jpg,normal
train,preprocessed_data/REFUGE1/train/normal/n0350.jpg,normal
train,preprocessed_data/REFUGE1/train/normal/n0343.jpg,normal
train,preprocessed_data/REFUGE1/train/normal/n0067.jpg,normal
train,preprocessed_data/REFUGE1/train/normal/n0109.jpg,normal
train,preprocessed_data/REFUGE1/train/normal/n0356.jpg,normal
train,preprocessed_data/REFUGE1/train/normal/n0291.jpg,normal
train,preprocessed_data/REFUGE1/train/normal/n0135.jpg,normal
train,preprocessed_data/REFUGE1/train/normal/n0124.jpg,normal
train,preprocessed_data/REFUGE1/train/normal/n0079.jpg,normal
train,preprocessed_data/REFUGE1/train/normal/n0253.jpg,normal
train,preprocessed_data/REFUGE1/train/normal/n0354.jpg,normal
train,preprocessed_data/REFUGE1/train/normal/n0252.jpg,normal
train,preprocessed_data/REFUGE1/train/normal/n0054.jpg,normal
train,preprocessed_data/REFUGE1/train/normal/n0115.jpg,normal
train,preprocessed_data/REFUGE1/train/normal/n0036.jpg,normal
train,preprocessed_data/REFUGE1/train/normal/n0179.jpg,normal
train,preprocessed_data/REFUGE1/train/normal/n0173.jpg,normal
train,preprocessed_data/REFUGE1/train/normal/n0228.jpg,normal
train,preprocessed_data/REFUGE1/train/normal/n0312.jpg,normal
train,preprocessed_data/REFUGE1/train/normal/n0024.jpg,normal
train,preprocessed_data/REFUGE1/train/normal/n0344.jpg,normal
train,preprocessed_data/REFUGE1/train/normal/n0020.jpg,normal
train,preprocessed_data/REFUGE1/train/normal/n0166.jpg,normal
train,preprocessed_data/REFUGE1/train/normal/n0168.jpg,normal
train,preprocessed_data/REFUGE1/train/normal/n0337.jpg,normal
train,preprocessed_data/REFUGE1/train/normal/n0242.jpg,normal
train,preprocessed_data/REFUGE1/train/normal/n0019.jpg,normal
train,preprocessed_data/REFUGE1/train/normal/n0353.jpg,normal
train,preprocessed_data/REFUGE1/train/normal/n0342.jpg,normal
train,preprocessed_data/REFUGE1/train/normal/n0355.jpg,normal
train,preprocessed_data/REFUGE1/train/normal/n0132.jpg,normal
train,preprocessed_data/REFUGE1/train/normal/n0146.jpg,normal
train,preprocessed_data/REFUGE1/train/normal/n0345.jpg,normal
train,preprocessed_data/REFUGE1/train/normal/n0025.jpg,normal
train,preprocessed_data/REFUGE1/train/normal/n0348.jpg,normal
train,preprocessed_data/REFUGE1/train/normal/n0202.jpg,normal
train,preprocessed_data/REFUGE1/train/normal/n0256.jpg,normal
train,preprocessed_data/REFUGE1/train/normal/n0047.jpg,normal
train,preprocessed_data/REFUGE1/train/normal/n0005.jpg,normal
train,preprocessed_data/REFUGE1/train/normal/n0165.jpg,normal
train,preprocessed_data/REFUGE1/train/normal/n0305.jpg,normal
train,preprocessed_data/REFUGE1/train/normal/n0138.jpg,normal
train,preprocessed_data/REFUGE1/train/normal/n0277.jpg,normal
train,preprocessed_data/REFUGE1/train/normal/n0119.jpg,normal
train,preprocessed_data/REFUGE1/train/normal/n0108.jpg,normal
train,preprocessed_data/REFUGE1/train/normal/n0332.jpg,normal
train,preprocessed_data/REFUGE1/train/normal/n0292.jpg,normal
train,preprocessed_data/REFUGE1/train/normal/n0193.jpg,normal
train,preprocessed_data/REFUGE1/train/normal/n0310.jpg,normal
train,preprocessed_data/REFUGE1/train/normal/n0038.jpg,normal
train,preprocessed_data/REFUGE1/train/normal/n0233.jpg,normal
train,preprocessed_data/REFUGE1/train/normal/n0050.jpg,normal
train,preprocessed_data/REFUGE1/train/normal/n0257.jpg,normal
train,preprocessed_data/REFUGE1/train/normal/n0293.jpg,normal
train,preprocessed_data/REFUGE1/train/normal/n0123.jpg,normal
train,preprocessed_data/REFUGE1/train/normal/n0046.jpg,normal
train,preprocessed_data/REFUGE1/train/normal/n0055.jpg,normal
train,preprocessed_data/REFUGE1/train/normal/n0323.jpg,normal
train,preprocessed_data/REFUGE1/train/normal/n0089.jpg,normal
train,preprocessed_data/REFUGE1/train/normal/n0016.jpg,normal
train,preprocessed_data/REFUGE1/train/normal/n0105.jpg,normal
train,preprocessed_data/REFUGE1/train/normal/n0321.jpg,normal
train,preprocessed_data/REFUGE1/train/normal/n0320.jpg,normal
train,preprocessed_data/REFUGE1/train/normal/n0114.jpg,normal
train,preprocessed_data/REFUGE1/train/normal/n0155.jpg,normal
train,preprocessed_data/REFUGE1/train/normal/n0196.jpg,normal
train,preprocessed_data/REFUGE1/train/normal/n0013.jpg,normal
train,preprocessed_data/REFUGE1/train/normal/n0014.jpg,normal
train,preprocessed_data/REFUGE1/train/normal/n0049.jpg,normal
train,preprocessed_data/REFUGE1/train/normal/n0078.jpg,normal
train,preprocessed_data/REFUGE1/train/normal/n0261.jpg,normal
train,preprocessed_data/REFUGE1/train/normal/n0191.jpg,normal
train,preprocessed_data/REFUGE1/train/normal/n0219.jpg,normal
train,preprocessed_data/REFUGE1/train/normal/n0360.jpg,normal
train,preprocessed_data/REFUGE1/train/normal/n0171.jpg,normal
train,preprocessed_data/REFUGE1/train/normal/n0264.jpg,normal
train,preprocessed_data/REFUGE1/train/normal/n0213.jpg,normal
train,preprocessed_data/REFUGE1/train/normal/n0034.jpg,normal
train,preprocessed_data/REFUGE1/train/normal/n0308.jpg,normal
train,preprocessed_data/REFUGE1/train/normal/n0304.jpg,normal
train,preprocessed_data/REFUGE1/train/normal/n0266.jpg,normal
train,preprocessed_data/REFUGE1/train/normal/n0113.jpg,normal
train,preprocessed_data/REFUGE1/train/normal/n0136.jpg,normal
train,preprocessed_data/REFUGE1/train/normal/n0346.jpg,normal
train,preprocessed_data/REFUGE1/train/normal/n0285.jpg,normal
train,preprocessed_data/REFUGE1/train/normal/n0333.jpg,normal
train,preprocessed_data/REFUGE1/train/normal/n0074.jpg,normal
train,preprocessed_data/REFUGE1/train/normal/n0215.jpg,normal
train,preprocessed_data/REFUGE1/train/normal/n0351.jpg,normal
train,preprocessed_data/REFUGE1/train/normal/n0144.jpg,normal
train,preprocessed_data/REFUGE1/train/normal/n0125.jpg,normal
train,preprocessed_data/REFUGE1/train/normal/n0017.jpg,normal
train,preprocessed_data/REFUGE1/train/normal/n0262.jpg,normal
train,preprocessed_data/REFUGE1/train/normal/n0140.jpg,normal
train,preprocessed_data/REFUGE1/train/normal/n0043.jpg,normal
train,preprocessed_data/REFUGE1/train/normal/n0322.jpg,normal
train,preprocessed_data/REFUGE1/train/normal/n0084.jpg,normal
train,preprocessed_data/REFUGE1/train/normal/n0314.jpg,normal
train,preprocessed_data/REFUGE1/train/normal/n0227.jpg,normal
train,preprocessed_data/REFUGE1/train/normal/n0161.jpg,normal
train,preprocessed_data/REFUGE1/train/normal/n0176.jpg,normal
train,preprocessed_data/REFUGE1/train/normal/n0209.jpg,normal
train,preprocessed_data/REFUGE1/train/normal/n0044.jpg,normal
train,preprocessed_data/REFUGE1/train/normal/n0117.jpg,normal
train,preprocessed_data/REFUGE1/train/normal/n0133.jpg,normal
train,preprocessed_data/REFUGE1/train/normal/n0280.jpg,normal
train,preprocessed_data/REFUGE1/train/normal/n0162.jpg,normal
train,preprocessed_data/REFUGE1/train/normal/n0267.jpg,normal
train,preprocessed_data/REFUGE1/train/normal/n0243.jpg,normal
train,preprocessed_data/REFUGE1/train/normal/n0302.jpg,normal
train,preprocessed_data/REFUGE1/train/normal/n0306.jpg,normal
train,preprocessed_data/REFUGE1/train/normal/n0231.jpg,normal
train,preprocessed_data/REFUGE1/train/normal/n0331.jpg,normal
train,preprocessed_data/REFUGE1/train/normal/n0289.jpg,normal
train,preprocessed_data/REFUGE1/train/normal/n0272.jpg,normal
train,preprocessed_data/REFUGE1/train/normal/n0311.jpg,normal
train,preprocessed_data/REFUGE1/train/normal/n0230.jpg,normal
train,preprocessed_data/REFUGE1/train/normal/n0018.jpg,normal
train,preprocessed_data/REFUGE1/train/normal/n0183.jpg,normal
train,preprocessed_data/REFUGE1/train/normal/n0207.jpg,normal
train,preprocessed_data/REFUGE1/train/normal/n0338.jpg,normal
train,preprocessed_data/REFUGE1/train/normal/n0295.jpg,normal
train,preprocessed_data/REFUGE1/train/normal/n0244.jpg,normal
train,preprocessed_data/REFUGE1/train/normal/n0327.jpg,normal
train,preprocessed_data/REFUGE1/train/normal/n0083.jpg,normal
train,preprocessed_data/REFUGE1/train/normal/n0112.jpg,normal
train,preprocessed_data/REFUGE1/train/normal/n0085.jpg,normal
train,preprocessed_data/REFUGE1/train/normal/n0260.jpg,normal
train,preprocessed_data/REFUGE1/train/normal/n0336.jpg,normal
train,preprocessed_data/REFUGE1/train/normal/n0175.jpg,normal
train,preprocessed_data/REFUGE1/train/normal/n0283.jpg,normal
train,preprocessed_data/REFUGE1/train/normal/n0169.jpg,normal
train,preprocessed_data/REFUGE1/train/normal/n0281.jpg,normal
train,preprocessed_data/REFUGE1/train/normal/n0315.jpg,normal
train,preprocessed_data/REFUGE1/train/normal/n0118.jpg,normal
train,preprocessed_data/REFUGE1/train/normal/n0339.jpg,normal
train,preprocessed_data/REFUGE1/train/normal/n0357.jpg,normal
train,preprocessed_data/REFUGE1/train/normal/n0053.jpg,normal
train,preprocessed_data/REFUGE1/train/normal/n0009.jpg,normal
train,preprocessed_data/REFUGE1/train/normal/n0121.jpg,normal
train,preprocessed_data/REFUGE1/train/normal/n0042.jpg,normal
train,preprocessed_data/REFUGE1/train/normal/n0263.jpg,normal
train,preprocessed_data/REFUGE1/train/normal/n0149.jpg,normal
train,preprocessed_data/REFUGE1/train/normal/n0204.jpg,normal
train,preprocessed_data/REFUGE1/train/normal/n0258.jpg,normal
train,preprocessed_data/REFUGE1/train/normal/n0329.jpg,normal
train,preprocessed_data/REFUGE1/train/normal/n0012.jpg,normal
train,preprocessed_data/REFUGE1/train/normal/n0197.jpg,normal
train,preprocessed_data/REFUGE1/train/normal/n0287.jpg,normal
train,preprocessed_data/REFUGE1/train/normal/n0072.jpg,normal
train,preprocessed_data/REFUGE1/train/normal/n0248.jpg,normal
train,preprocessed_data/REFUGE1/train/normal/n0208.jpg,normal
train,preprocessed_data/REFUGE1/train/normal/n0028.jpg,normal
train,preprocessed_data/REFUGE1/train/normal/n0222.jpg,normal
train,preprocessed_data/REFUGE1/train/normal/n0164.jpg,normal
train,preprocessed_data/REFUGE1/train/normal/n0087.jpg,normal
train,preprocessed_data/REFUGE1/train/normal/n0031.jpg,normal
train,preprocessed_data/REFUGE1/train/normal/n0093.jpg,normal
train,preprocessed_data/REFUGE1/train/normal/n0060.jpg,normal
train,preprocessed_data/REFUGE1/train/normal/n0194.jpg,normal
train,preprocessed_data/REFUGE1/train/normal/n0334.jpg,normal
train,preprocessed_data/REFUGE1/train/normal/n0057.jpg,normal
train,preprocessed_data/REFUGE1/train/normal/n0211.jpg,normal
train,preprocessed_data/REFUGE1/train/normal/n0288.jpg,normal
train,preprocessed_data/REFUGE1/train/normal/n0126.jpg,normal
train,preprocessed_data/REFUGE1/train/normal/n0245.jpg,normal
train,preprocessed_data/REFUGE1/train/normal/n0254.jpg,normal
train,preprocessed_data/REFUGE1/train/normal/n0225.jpg,normal
train,preprocessed_data/REFUGE1/train/normal/n0106.jpg,normal
train,preprocessed_data/REFUGE1/train/normal/n0027.jpg,normal
train,preprocessed_data/REFUGE1/train/normal/n0188.jpg,normal
train,preprocessed_data/REFUGE1/train/normal/n0300.jpg,normal
train,preprocessed_data/REFUGE1/train/normal/n0111.jpg,normal
train,preprocessed_data/REFUGE1/train/normal/n0274.jpg,normal
train,preprocessed_data/REFUGE1/train/normal/n0206.jpg,normal
train,preprocessed_data/REFUGE1/train/normal/n0212.jpg,normal
train,preprocessed_data/REFUGE1/train/normal/n0187.jpg,normal
train,preprocessed_data/REFUGE1/train/normal/n0022.jpg,normal
train,preprocessed_data/REFUGE1/train/normal/n0153.jpg,normal
train,preprocessed_data/REFUGE1/train/normal/n0007.jpg,normal
train,preprocessed_data/REFUGE1/train/normal/n0335.jpg,normal
train,preprocessed_data/REFUGE1/train/normal/n0184.jpg,normal
train,preprocessed_data/REFUGE1/train/normal/n0130.jpg,normal
train,preprocessed_data/REFUGE1/train/normal/n0061.jpg,normal
train,preprocessed_data/REFUGE1/train/normal/n0092.jpg,normal
train,preprocessed_data/REFUGE1/train/normal/n0326.jpg,normal
train,preprocessed_data/REFUGE1/train/normal/n0250.jpg,normal
train,preprocessed_data/REFUGE1/train/normal/n0094.jpg,normal
train,preprocessed_data/REFUGE1/train/normal/n0167.jpg,normal
train,preprocessed_data/REFUGE1/train/normal/n0070.jpg,normal
train,preprocessed_data/REFUGE1/train/normal/n0240.jpg,normal
train,preprocessed_data/REFUGE1/train/normal/n0006.jpg,normal
train,preprocessed_data/REFUGE1/train/normal/n0172.jpg,normal
train,preprocessed_data/REFUGE1/train/normal/n0152.jpg,normal
train,preprocessed_data/REFUGE1/train/normal/n0251.jpg,normal
train,preprocessed_data/REFUGE1/train/normal/n0065.jpg,normal
train,preprocessed_data/REFUGE1/train/normal/n0104.jpg,normal
train,preprocessed_data/REFUGE1/train/normal/n0003.jpg,normal
train,preprocessed_data/REFUGE1/train/normal/n0010.jpg,normal
train,preprocessed_data/REFUGE1/train/normal/n0271.jpg,normal
train,preprocessed_data/REFUGE1/train/normal/n0268.jpg,normal
train,preprocessed_data/REFUGE1/train/normal/n0347.jpg,normal
train,preprocessed_data/REFUGE1/train/normal/n0143.jpg,normal
train,preprocessed_data/REFUGE1/train/normal/n0159.jpg,normal
val,preprocessed_data/REFUGE1/val/glaucoma/V0028.jpg,glaucoma
val,preprocessed_data/REFUGE1/val/glaucoma/V0247.jpg,glaucoma
val,preprocessed_data/REFUGE1/val/glaucoma/V0342.jpg,glaucoma
val,preprocessed_data/REFUGE1/val/glaucoma/V0227.jpg,glaucoma
val,preprocessed_data/REFUGE1/val/glaucoma/V0125.jpg,glaucoma
val,preprocessed_data/REFUGE1/val/glaucoma/V0171.jpg,glaucoma
val,preprocessed_data/REFUGE1/val/glaucoma/V0226.jpg,glaucoma
val,preprocessed_data/REFUGE1/val/glaucoma/V0175.jpg,glaucoma
val,preprocessed_data/REFUGE1/val/glaucoma/V0214.jpg,glaucoma
val,preprocessed_data/REFUGE1/val/glaucoma/V0006.jpg,glaucoma
val,preprocessed_data/REFUGE1/val/glaucoma/V0159.jpg,glaucoma
val,preprocessed_data/REFUGE1/val/glaucoma/V0032.jpg,glaucoma
val,preprocessed_data/REFUGE1/val/glaucoma/V0285.jpg,glaucoma
val,preprocessed_data/REFUGE1/val/glaucoma/V0181.jpg,glaucoma
val,preprocessed_data/REFUGE1/val/glaucoma/V0098.jpg,glaucoma
val,preprocessed_data/REFUGE1/val/glaucoma/V0149.jpg,glaucoma
val,preprocessed_data/REFUGE1/val/glaucoma/V0216.jpg,glaucoma
val,preprocessed_data/REFUGE1/val/glaucoma/V0270.jpg,glaucoma
val,preprocessed_data/REFUGE1/val/glaucoma/V0385.jpg,glaucoma
val,preprocessed_data/REFUGE1/val/glaucoma/V0271.jpg,glaucoma
val,preprocessed_data/REFUGE1/val/glaucoma/V0347.jpg,glaucoma
val,preprocessed_data/REFUGE1/val/glaucoma/V0049.jpg,glaucoma
val,preprocessed_data/REFUGE1/val/glaucoma/V0205.jpg,glaucoma
val,preprocessed_data/REFUGE1/val/glaucoma/V0075.jpg,glaucoma
val,preprocessed_data/REFUGE1/val/glaucoma/V0319.jpg,glaucoma
val,preprocessed_data/REFUGE1/val/glaucoma/V0242.jpg,glaucoma
val,preprocessed_data/REFUGE1/val/glaucoma/V0054.jpg,glaucoma
val,preprocessed_data/REFUGE1/val/glaucoma/V0208.jpg,glaucoma
val,preprocessed_data/REFUGE1/val/glaucoma/V0160.jpg,glaucoma
val,preprocessed_data/REFUGE1/val/glaucoma/V0095.jpg,glaucoma
val,preprocessed_data/REFUGE1/val/glaucoma/V0252.jpg,glaucoma
val,preprocessed_data/REFUGE1/val/glaucoma/V0344.jpg,glaucoma
val,preprocessed_data/REFUGE1/val/glaucoma/V0128.jpg,glaucoma
val,preprocessed_data/REFUGE1/val/glaucoma/V0387.jpg,glaucoma
val,preprocessed_data/REFUGE1/val/glaucoma/V0046.jpg,glaucoma
val,preprocessed_data/REFUGE1/val/glaucoma/V0383.jpg,glaucoma
val,preprocessed_data/REFUGE1/val/glaucoma/V0026.jpg,glaucoma
val,preprocessed_data/REFUGE1/val/glaucoma/V0100.jpg,glaucoma
val,preprocessed_data/REFUGE1/val/glaucoma/V0041.jpg,glaucoma
val,preprocessed_data/REFUGE1/val/glaucoma/V0333.jpg,glaucoma
val,preprocessed_data/REFUGE1/val/normal/V0255.jpg,normal
val,preprocessed_data/REFUGE1/val/normal/V0274.jpg,normal
val,preprocessed_data/REFUGE1/val/normal/V0300.jpg,normal
val,preprocessed_data/REFUGE1/val/normal/V0286.jpg,normal
val,preprocessed_data/REFUGE1/val/normal/V0134.jpg,normal
val,preprocessed_data/REFUGE1/val/normal/V0382.jpg,normal
val,preprocessed_data/REFUGE1/val/normal/V0029.jpg,normal
val,preprocessed_data/REFUGE1/val/normal/V0374.jpg,normal
val,preprocessed_data/REFUGE1/val/normal/V0288.jpg,normal
val,preprocessed_data/REFUGE1/val/normal/V0048.jpg,normal
val,preprocessed_data/REFUGE1/val/normal/V0024.jpg,normal
val,preprocessed_data/REFUGE1/val/normal/V0036.jpg,normal
val,preprocessed_data/REFUGE1/val/normal/V0217.jpg,normal
val,preprocessed_data/REFUGE1/val/normal/V0361.jpg,normal
val,preprocessed_data/REFUGE1/val/normal/V0207.jpg,normal
val,preprocessed_data/REFUGE1/val/normal/V0378.jpg,normal
val,preprocessed_data/REFUGE1/val/normal/V0204.jpg,normal
val,preprocessed_data/REFUGE1/val/normal/V0045.jpg,normal
val,preprocessed_data/REFUGE1/val/normal/V0106.jpg,normal
val,preprocessed_data/REFUGE1/val/normal/V0241.jpg,normal
val,preprocessed_data/REFUGE1/val/normal/V0328.jpg,normal
val,preprocessed_data/REFUGE1/val/normal/V0338.jpg,normal
val,preprocessed_data/REFUGE1/val/normal/V0310.jpg,normal
val,preprocessed_data/REFUGE1/val/normal/V0304.jpg,normal
val,preprocessed_data/REFUGE1/val/normal/V0165.jpg,normal
val,preprocessed_data/REFUGE1/val/normal/V0083.jpg,normal
val,preprocessed_data/REFUGE1/val/normal/V0102.jpg,normal
val,preprocessed_data/REFUGE1/val/normal/V0228.jpg,normal
val,preprocessed_data/REFUGE1/val/normal/V0138.jpg,normal
val,preprocessed_data/REFUGE1/val/normal/V0142.jpg,normal
val,preprocessed_data/REFUGE1/val/normal/V0040.jpg,normal
val,preprocessed_data/REFUGE1/val/normal/V0349.jpg,normal
val,preprocessed_data/REFUGE1/val/normal/V0016.jpg,normal
val,preprocessed_data/REFUGE1/val/normal/V0250.jpg,normal
val,preprocessed_data/REFUGE1/val/normal/V0375.jpg,normal
val,preprocessed_data/REFUGE1/val/normal/V0038.jpg,normal
val,preprocessed_data/REFUGE1/val/normal/V0307.jpg,normal
val,preprocessed_data/REFUGE1/val/normal/V0084.jpg,normal
val,preprocessed_data/REFUGE1/val/normal/V0053.jpg,normal
val,preprocessed_data/REFUGE1/val/normal/V0037.jpg,normal
val,preprocessed_data/REFUGE1/val/normal/V0092.jpg,normal
val,preprocessed_data/REFUGE1/val/normal/V0011.jpg,normal
val,preprocessed_data/REFUGE1/val/normal/V0219.jpg,normal
val,preprocessed_data/REFUGE1/val/normal/V0121.jpg,normal
val,preprocessed_data/REFUGE1/val/normal/V0079.jpg,normal
val,preprocessed_data/REFUGE1/val/normal/V0357.jpg,normal
val,preprocessed_data/REFUGE1/val/normal/V0003.jpg,normal
val,preprocessed_data/REFUGE1/val/normal/V0143.jpg,normal
val,preprocessed_data/REFUGE1/val/normal/V0388.jpg,normal
val,preprocessed_data/REFUGE1/val/normal/V0104.jpg,normal
val,preprocessed_data/REFUGE1/val/normal/V0196.jpg,normal
val,preprocessed_data/REFUGE1/val/normal/V0090.jpg,normal
val,preprocessed_data/REFUGE1/val/normal/V0351.jpg,normal
val,preprocessed_data/REFUGE1/val/normal/V0180.jpg,normal
val,preprocessed_data/REFUGE1/val/normal/V0352.jpg,normal
val,preprocessed_data/REFUGE1/val/normal/V0260.jpg,normal
val,preprocessed_data/REFUGE1/val/normal/V0225.jpg,normal
val,preprocessed_data/REFUGE1/val/normal/V0356.jpg,normal
val,preprocessed_data/REFUGE1/val/normal/V0120.jpg,normal
val,preprocessed_data/REFUGE1/val/normal/V0263.jpg,normal
val,preprocessed_data/REFUGE1/val/normal/V0173.jpg,normal
val,preprocessed_data/REFUGE1/val/normal/V0203.jpg,normal
val,preprocessed_data/REFUGE1/val/normal/V0131.jpg,normal
val,preprocessed_data/REFUGE1/val/normal/V0294.jpg,normal
val,preprocessed_data/REFUGE1/val/normal/V0154.jpg,normal
val,preprocessed_data/REFUGE1/val/normal/V0372.jpg,normal
val,preprocessed_data/REFUGE1/val/normal/V0127.jpg,normal
val,preprocessed_data/REFUGE1/val/normal/V0145.jpg,normal
val,preprocessed_data/REFUGE1/val/normal/V0195.jpg,normal
val,preprocessed_data/REFUGE1/val/normal/V0111.jpg,normal
val,preprocessed_data/REFUGE1/val/normal/V0126.jpg,normal
val,preprocessed_data/REFUGE1/val/normal/V0295.jpg,normal
val,preprocessed_data/REFUGE1/val/normal/V0322.jpg,normal
val,preprocessed_data/REFUGE1/val/normal/V0275.jpg,normal
val,preprocessed_data/REFUGE1/val/normal/V0097.jpg,normal
val,preprocessed_data/REFUGE1/val/normal/V0074.jpg,normal
val,preprocessed_data/REFUGE1/val/normal/V0108.jpg,normal
val,preprocessed_data/REFUGE1/val/normal/V0229.jpg,normal
val,preprocessed_data/REFUGE1/val/normal/V0287.jpg,normal
val,preprocessed_data/REFUGE1/val/normal/V0197.jpg,normal
val,preprocessed_data/REFUGE1/val/normal/V0133.jpg,normal
val,preprocessed_data/REFUGE1/val/normal/V0144.jpg,normal
val,preprocessed_data/REFUGE1/val/normal/V0269.jpg,normal
val,preprocessed_data/REFUGE1/val/normal/V0398.jpg,normal
val,preprocessed_data/REFUGE1/val/normal/V0256.jpg,normal
val,preprocessed_data/REFUGE1/val/normal/V0093.jpg,normal
val,preprocessed_data/REFUGE1/val/normal/V0043.jpg,normal
val,preprocessed_data/REFUGE1/val/normal/V0114.jpg,normal
val,preprocessed_data/REFUGE1/val/normal/V0070.jpg,normal
val,preprocessed_data/REFUGE1/val/normal/V0068.jpg,normal
val,preprocessed_data/REFUGE1/val/normal/V0010.jpg,normal
val,preprocessed_data/REFUGE1/val/normal/V0172.jpg,normal
val,preprocessed_data/REFUGE1/val/normal/V0296.jpg,normal
val,preprocessed_data/REFUGE1/val/normal/V0231.jpg,normal
val,preprocessed_data/REFUGE1/val/normal/V0321.jpg,normal
val,preprocessed_data/REFUGE1/val/normal/V0183.jpg,normal
val,preprocessed_data/REFUGE1/val/normal/V0177.jpg,normal
val,preprocessed_data/REFUGE1/val/normal/V0088.jpg,normal
val,preprocessed_data/REFUGE1/val/normal/V0305.jpg,normal
val,preprocessed_data/REFUGE1/val/normal/V0051.jpg,normal
val,preprocessed_data/REFUGE1/val/normal/V0146.jpg,normal
val,preprocessed_data/REFUGE1/val/normal/V0044.jpg,normal
val,preprocessed_data/REFUGE1/val/normal/V0329.jpg,normal
val,preprocessed_data/REFUGE1/val/normal/V0182.jpg,normal
val,preprocessed_data/REFUGE1/val/normal/V0334.jpg,normal
val,preprocessed_data/REFUGE1/val/normal/V0060.jpg,normal
val,preprocessed_data/REFUGE1/val/normal/V0167.jpg,normal
val,preprocessed_data/REFUGE1/val/normal/V0122.jpg,normal
val,preprocessed_data/REFUGE1/val/normal/V0400.jpg,normal
val,preprocessed_data/REFUGE1/val/normal/V0312.jpg,normal
val,preprocessed_data/REFUGE1/val/normal/V0359.jpg,normal
val,preprocessed_data/REFUGE1/val/normal/V0272.jpg,normal
val,preprocessed_data/REFUGE1/val/normal/V0213.jpg,normal
val,preprocessed_data/REFUGE1/val/normal/V0222.jpg,normal
val,preprocessed_data/REFUGE1/val/normal/V0365.jpg,normal
val,preprocessed_data/REFUGE1/val/normal/V0209.jpg,normal
val,preprocessed_data/REFUGE1/val/normal/V0281.jpg,normal
val,preprocessed_data/REFUGE1/val/normal/V0020.jpg,normal
val,preprocessed_data/REFUGE1/val/normal/V0293.jpg,normal
val,preprocessed_data/REFUGE1/val/normal/V0384.jpg,normal
val,preprocessed_data/REFUGE1/val/normal/V0332.jpg,normal
val,preprocessed_data/REFUGE1/val/normal/V0039.jpg,normal
val,preprocessed_data/REFUGE1/val/normal/V0072.jpg,normal
val,preprocessed_data/REFUGE1/val/normal/V0087.jpg,normal
val,preprocessed_data/REFUGE1/val/normal/V0025.jpg,normal
val,preprocessed_data/REFUGE1/val/normal/V0202.jpg,normal
val,preprocessed_data/REFUGE1/val/normal/V0306.jpg,normal
val,preprocessed_data/REFUGE1/val/normal/V0022.jpg,normal
val,preprocessed_data/REFUGE1/val/normal/V0233.jpg,normal
val,preprocessed_data/REFUGE1/val/normal/V0327.jpg,normal
val,preprocessed_data/REFUGE1/val/normal/V0237.jpg,normal
val,preprocessed_data/REFUGE1/val/normal/V0001.jpg,normal
val,preprocessed_data/REFUGE1/val/normal/V0244.jpg,normal
val,preprocessed_data/REFUGE1/val/normal/V0192.jpg,normal
val,preprocessed_data/REFUGE1/val/normal/V0257.jpg,normal
val,preprocessed_data/REFUGE1/val/normal/V0008.jpg,normal
val,preprocessed_data/REFUGE1/val/normal/V0371.jpg,normal
val,preprocessed_data/REFUGE1/val/normal/V0137.jpg,normal
val,preprocessed_data/REFUGE1/val/normal/V0014.jpg,normal
val,preprocessed_data/REFUGE1/val/normal/V0323.jpg,normal
val,preprocessed_data/REFUGE1/val/normal/V0027.jpg,normal
val,preprocessed_data/REFUGE1/val/normal/V0033.jpg,normal
val,preprocessed_data/REFUGE1/val/normal/V0389.jpg,normal
val,preprocessed_data/REFUGE1/val/normal/V0201.jpg,normal
val,preprocessed_data/REFUGE1/val/normal/V0262.jpg,normal
val,preprocessed_data/REFUGE1/val/normal/V0077.jpg,normal
val,preprocessed_data/REFUGE1/val/normal/V0379.jpg,normal
val,preprocessed_data/REFUGE1/val/normal/V0067.jpg,normal
val,preprocessed_data/REFUGE1/val/normal/V0153.jpg,normal
val,preprocessed_data/REFUGE1/val/normal/V0238.jpg,normal
val,preprocessed_data/REFUGE1/val/normal/V0119.jpg,normal
val,preprocessed_data/REFUGE1/val/normal/V0050.jpg,normal
val,preprocessed_data/REFUGE1/val/normal/V0158.jpg,normal
val,preprocessed_data/REFUGE1/val/normal/V0193.jpg,normal
val,preprocessed_data/REFUGE1/val/normal/V0013.jpg,normal
val,preprocessed_data/REFUGE1/val/normal/V0089.jpg,normal
val,preprocessed_data/REFUGE1/val/normal/V0190.jpg,normal
val,preprocessed_data/REFUGE1/val/normal/V0346.jpg,normal
val,preprocessed_data/REFUGE1/val/normal/V0082.jpg,normal
val,preprocessed_data/REFUGE1/val/normal/V0331.jpg,normal
val,preprocessed_data/REFUGE1/val/normal/V0112.jpg,normal
val,preprocessed_data/REFUGE1/val/normal/V0187.jpg,normal
val,preprocessed_data/REFUGE1/val/normal/V0290.jpg,normal
val,preprocessed_data/REFUGE1/val/normal/V0017.jpg,normal
val,preprocessed_data/REFUGE1/val/normal/V0397.jpg,normal
val,preprocessed_data/REFUGE1/val/normal/V0132.jpg,normal
val,preprocessed_data/REFUGE1/val/normal/V0223.jpg,normal
val,preprocessed_data/REFUGE1/val/normal/V0176.jpg,normal
val,preprocessed_data/REFUGE1/val/normal/V0343.jpg,normal
val,preprocessed_data/REFUGE1/val/normal/V0156.jpg,normal
val,preprocessed_data/REFUGE1/val/normal/V0212.jpg,normal
val,preprocessed_data/REFUGE1/val/normal/V0021.jpg,normal
val,preprocessed_data/REFUGE1/val/normal/V0340.jpg,normal
val,preprocessed_data/REFUGE1/val/normal/V0191.jpg,normal
val,preprocessed_data/REFUGE1/val/normal/V0170.jpg,normal
val,preprocessed_data/REFUGE1/val/normal/V0232.jpg,normal
val,preprocessed_data/REFUGE1/val/normal/V0253.jpg,normal
val,preprocessed_data/REFUGE1/val/normal/V0009.jpg,normal
val,preprocessed_data/REFUGE1/val/normal/V0308.jpg,normal
val,preprocessed_data/REFUGE1/val/normal/V0030.jpg,normal
val,preprocessed_data/REFUGE1/val/normal/V0380.jpg,normal
val,preprocessed_data/REFUGE1/val/normal/V0221.jpg,normal
val,preprocessed_data/REFUGE1/val/normal/V0063.jpg,normal
val,preprocessed_data/REFUGE1/val/normal/V0318.jpg,normal
val,preprocessed_data/REFUGE1/val/normal/V0284.jpg,normal
val,preprocessed_data/REFUGE1/val/normal/V0224.jpg,normal
val,preprocessed_data/REFUGE1/val/normal/V0096.jpg,normal
val,preprocessed_data/REFUGE1/val/normal/V0276.jpg,normal
val,preprocessed_data/REFUGE1/val/normal/V0303.jpg,normal
val,preprocessed_data/REFUGE1/val/normal/V0362.jpg,normal
val,preprocessed_data/REFUGE1/val/normal/V0393.jpg,normal
val,preprocessed_data/REFUGE1/val/normal/V0316.jpg,normal
val,preprocessed_data/REFUGE1/val/normal/V0330.jpg,normal
val,preprocessed_data/REFUGE1/val/normal/V0215.jpg,normal
val,preprocessed_data/REFUGE1/val/normal/V0240.jpg,normal
val,preprocessed_data/REFUGE1/val/normal/V0355.jpg,normal
val,preprocessed_data/REFUGE1/val/normal/V0147.jpg,normal
val,preprocessed_data/REFUGE1/val/normal/V0399.jpg,normal
val,preprocessed_data/REFUGE1/val/normal/V0299.jpg,normal
val,preprocessed_data/REFUGE1/val/normal/V0339.jpg,normal
val,preprocessed_data/REFUGE1/val/normal/V0186.jpg,normal
val,preprocessed_data/REFUGE1/val/normal/V0069.jpg,normal
val,preprocessed_data/REFUGE1/val/normal/V0157.jpg,normal
val,preprocessed_data/REFUGE1/val/normal/V0184.jpg,normal
val,preprocessed_data/REFUGE1/val/normal/V0094.jpg,normal
val,preprocessed_data/REFUGE1/val/normal/V0161.jpg,normal
val,preprocessed_data/REFUGE1/val/normal/V0023.jpg,normal
val,preprocessed_data/REFUGE1/val/normal/V0185.jpg,normal
val,preprocessed_data/REFUGE1/val/normal/V0324.jpg,normal
val,preprocessed_data/REFUGE1/val/normal/V0258.jpg,normal
val,preprocessed_data/REFUGE1/val/normal/V0279.jpg,normal
val,preprocessed_data/REFUGE1/val/normal/V0377.jpg,normal
val,preprocessed_data/REFUGE1/val/normal/V0174.jpg,normal
val,preprocessed_data/REFUGE1/val/normal/V0234.jpg,normal
val,preprocessed_data/REFUGE1/val/normal/V0354.jpg,normal
val,preprocessed_data/REFUGE1/val/normal/V0113.jpg,normal
val,preprocessed_data/REFUGE1/val/normal/V0078.jpg,normal
val,preprocessed_data/REFUGE1/val/normal/V0289.jpg,normal
val,preprocessed_data/REFUGE1/val/normal/V0320.jpg,normal
val,preprocessed_data/REFUGE1/val/normal/V0042.jpg,normal
val,preprocessed_data/REFUGE1/val/normal/V0298.jpg,normal
val,preprocessed_data/REFUGE1/val/normal/V0220.jpg,normal
val,preprocessed_data/REFUGE1/val/normal/V0055.jpg,normal
val,preprocessed_data/REFUGE1/val/normal/V0052.jpg,normal
val,preprocessed_data/REFUGE1/val/normal/V0309.jpg,normal
val,preprocessed_data/REFUGE1/val/normal/V0259.jpg,normal
val,preprocessed_data/REFUGE1/val/normal/V0002.jpg,normal
val,preprocessed_data/REFUGE1/val/normal/V0251.jpg,normal
val,preprocessed_data/REFUGE1/val/normal/V0047.jpg,normal
val,preprocessed_data/REFUGE1/val/normal/V0139.jpg,normal
val,preprocessed_data/REFUGE1/val/normal/V0243.jpg,normal
val,preprocessed_data/REFUGE1/val/normal/V0129.jpg,normal
val,preprocessed_data/REFUGE1/val/normal/V0265.jpg,normal
val,preprocessed_data/REFUGE1/val/normal/V0061.jpg,normal
val,preprocessed_data/REFUGE1/val/normal/V0085.jpg,normal
val,preprocessed_data/REFUGE1/val/normal/V0056.jpg,normal
val,preprocessed_data/REFUGE1/val/normal/V0336.jpg,normal
val,preprocessed_data/REFUGE1/val/normal/V0317.jpg,normal
val,preprocessed_data/REFUGE1/val/normal/V0148.jpg,normal
val,preprocessed_data/REFUGE1/val/normal/V0230.jpg,normal
val,preprocessed_data/REFUGE1/val/normal/V0368.jpg,normal
val,preprocessed_data/REFUGE1/val/normal/V0123.jpg,normal
val,preprocessed_data/REFUGE1/val/normal/V0367.jpg,normal
val,preprocessed_data/REFUGE1/val/normal/V0034.jpg,normal
val,preprocessed_data/REFUGE1/val/normal/V0291.jpg,normal
val,preprocessed_data/REFUGE1/val/normal/V0150.jpg,normal
val,preprocessed_data/REFUGE1/val/normal/V0235.jpg,normal
val,preprocessed_data/REFUGE1/val/normal/V0280.jpg,normal
val,preprocessed_data/REFUGE1/val/normal/V0266.jpg,normal
val,preprocessed_data/REFUGE1/val/normal/V0118.jpg,normal
val,preprocessed_data/REFUGE1/val/normal/V0073.jpg,normal
val,preprocessed_data/REFUGE1/val/normal/V0018.jpg,normal
val,preprocessed_data/REFUGE1/val/normal/V0179.jpg,normal
val,preprocessed_data/REFUGE1/val/normal/V0080.jpg,normal
val,preprocessed_data/REFUGE1/val/normal/V0005.jpg,normal
val,preprocessed_data/REFUGE1/val/normal/V0103.jpg,normal
val,preprocessed_data/REFUGE1/val/normal/V0007.jpg,normal
val,preprocessed_data/REFUGE1/val/normal/V0071.jpg,normal
val,preprocessed_data/REFUGE1/val/normal/V0254.jpg,normal
val,preprocessed_data/REFUGE1/val/normal/V0110.jpg,normal
val,preprocessed_data/REFUGE1/val/normal/V0366.jpg,normal
val,preprocessed_data/REFUGE1/val/normal/V0169.jpg,normal
val,preprocessed_data/REFUGE1/val/normal/V0035.jpg,normal
val,preprocessed_data/REFUGE1/val/normal/V0391.jpg,normal
val,preprocessed_data/REFUGE1/val/normal/V0369.jpg,normal
val,preprocessed_data/REFUGE1/val/normal/V0341.jpg,normal
val,preprocessed_data/REFUGE1/val/normal/V0358.jpg,normal
val,preprocessed_data/REFUGE1/val/normal/V0392.jpg,normal
val,preprocessed_data/REFUGE1/val/normal/V0004.jpg,normal
val,preprocessed_data/REFUGE1/val/normal/V0012.jpg,normal
val,preprocessed_data/REFUGE1/val/normal/V0031.jpg,normal
val,preprocessed_data/REFUGE1/val/normal/V0076.jpg,normal
val,preprocessed_data/REFUGE1/val/normal/V0261.jpg,normal
val,preprocessed_data/REFUGE1/val/normal/V0345.jpg,normal
val,preprocessed_data/REFUGE1/val/normal/V0105.jpg,normal
val,preprocessed_data/REFUGE1/val/normal/V0364.jpg,normal
val,preprocessed_data/REFUGE1/val/normal/V0396.jpg,normal
val,preprocessed_data/REFUGE1/val/normal/V0376.jpg,normal
val,preprocessed_data/REFUGE1/val/normal/V0313.jpg,normal
val,preprocessed_data/REFUGE1/val/normal/V0081.jpg,normal
val,preprocessed_data/REFUGE1/val/normal/V0057.jpg,normal
val,preprocessed_data/REFUGE1/val/normal/V0360.jpg,normal
val,preprocessed_data/REFUGE1/val/normal/V0386.jpg,normal
val,preprocessed_data/REFUGE1/val/normal/V0086.jpg,normal
val,preprocessed_data/REFUGE1/val/normal/V0283.jpg,normal
val,preprocessed_data/REFUGE1/val/normal/V0206.jpg,normal
val,preprocessed_data/REFUGE1/val/normal/V0124.jpg,normal
val,preprocessed_data/REFUGE1/val/normal/V0311.jpg,normal
val,preprocessed_data/REFUGE1/val/normal/V0277.jpg,normal
val,preprocessed_data/REFUGE1/val/normal/V0239.jpg,normal
val,preprocessed_data/REFUGE1/val/normal/V0246.jpg,normal
val,preprocessed_data/REFUGE1/val/normal/V0117.jpg,normal
val,preprocessed_data/REFUGE1/val/normal/V0267.jpg,normal
val,preprocessed_data/REFUGE1/val/normal/V0198.jpg,normal
val,preprocessed_data/REFUGE1/val/normal/V0135.jpg,normal
val,preprocessed_data/REFUGE1/val/normal/V0210.jpg,normal
val,preprocessed_data/REFUGE1/val/normal/V0015.jpg,normal
val,preprocessed_data/REFUGE1/val/normal/V0136.jpg,normal
val,preprocessed_data/REFUGE1/val/normal/V0302.jpg,normal
val,preprocessed_data/REFUGE1/val/normal/V0168.jpg,normal
val,preprocessed_data/REFUGE1/val/normal/V0373.jpg,normal
val,preprocessed_data/REFUGE1/val/normal/V0116.jpg,normal
val,preprocessed_data/REFUGE1/val/normal/V0278.jpg,normal
val,preprocessed_data/REFUGE1/val/normal/V0062.jpg,normal
val,preprocessed_data/REFUGE1/val/normal/V0282.jpg,normal
val,preprocessed_data/REFUGE1/val/normal/V0066.jpg,normal
val,preprocessed_data/REFUGE1/val/normal/V0109.jpg,normal
val,preprocessed_data/REFUGE1/val/normal/V0268.jpg,normal
val,preprocessed_data/REFUGE1/val/normal/V0315.jpg,normal
val,preprocessed_data/REFUGE1/val/normal/V0163.jpg,normal
val,preprocessed_data/REFUGE1/val/normal/V0236.jpg,normal
val,preprocessed_data/REFUGE1/val/normal/V0297.jpg,normal
val,preprocessed_data/REFUGE1/val/normal/V0115.jpg,normal
val,preprocessed_data/REFUGE1/val/normal/V0199.jpg,normal
val,preprocessed_data/REFUGE1/val/normal/V0350.jpg,normal
val,preprocessed_data/REFUGE1/val/normal/V0325.jpg,normal
val,preprocessed_data/REFUGE1/val/normal/V0151.jpg,normal
val,preprocessed_data/REFUGE1/val/normal/V0130.jpg,normal
val,preprocessed_data/REFUGE1/val/normal/V0155.jpg,normal
val,preprocessed_data/REFUGE1/val/normal/V0107.jpg,normal
val,preprocessed_data/REFUGE1/val/normal/V0200.jpg,normal
val,preprocessed_data/REFUGE1/val/normal/V0065.jpg,normal
val,preprocessed_data/REFUGE1/val/normal/V0101.jpg,normal
val,preprocessed_data/REFUGE1/val/normal/V0059.jpg,normal
val,preprocessed_data/REFUGE1/val/normal/V0390.jpg,normal
val,preprocessed_data/REFUGE1/val/normal/V0245.jpg,normal
val,preprocessed_data/REFUGE1/val/normal/V0140.jpg,normal
val,preprocessed_data/REFUGE1/val/normal/V0335.jpg,normal
val,preprocessed_data/REFUGE1/val/normal/V0301.jpg,normal
val,preprocessed_data/REFUGE1/val/normal/V0178.jpg,normal
val,preprocessed_data/REFUGE1/val/normal/V0141.jpg,normal
val,preprocessed_data/REFUGE1/val/normal/V0188.jpg,normal
val,preprocessed_data/REFUGE1/val/normal/V0091.jpg,normal
val,preprocessed_data/REFUGE1/val/normal/V0064.jpg,normal
val,preprocessed_data/REFUGE1/val/normal/V0099.jpg,normal
val,preprocessed_data/REFUGE1/val/normal/V0314.jpg,normal
val,preprocessed_data/REFUGE1/val/normal/V0194.jpg,normal
val,preprocessed_data/REFUGE1/val/normal/V0273.jpg,normal
val,preprocessed_data/REFUGE1/val/normal/V0218.jpg,normal
val,preprocessed_data/REFUGE1/val/normal/V0292.jpg,normal
val,preprocessed_data/REFUGE1/val/normal/V0152.jpg,normal
val,preprocessed_data/REFUGE1/val/normal/V0058.jpg,normal
val,preprocessed_data/REFUGE1/val/normal/V0249.jpg,normal
val,preprocessed_data/REFUGE1/val/normal/V0353.jpg,normal
val,preprocessed_data/REFUGE1/val/normal/V0363.jpg,normal
val,preprocessed_data/REFUGE1/val/normal/V0166.jpg,normal
val,preprocessed_data/REFUGE1/val/normal/V0019.jpg,normal
val,preprocessed_data/REFUGE1/val/normal/V0370.jpg,normal
val,preprocessed_data/REFUGE1/val/normal/V0162.jpg,normal
val,preprocessed_data/REFUGE1/val/normal/V0264.jpg,normal
val,preprocessed_data/REFUGE1/val/normal/V0381.jpg,normal
val,preprocessed_data/REFUGE1/val/normal/V0337.jpg,normal
val,preprocessed_data/REFUGE1/val/normal/V0348.jpg,normal
val,preprocessed_data/REFUGE1/val/normal/V0189.jpg,normal
val,preprocessed_data/REFUGE1/val/normal/V0164.jpg,normal
val,preprocessed_data/REFUGE1/val/normal/V0395.jpg,normal
val,preprocessed_data/REFUGE1/val/normal/V0394.jpg,normal
val,preprocessed_data/REFUGE1/val/normal/V0248.jpg,normal
val,preprocessed_data/REFUGE1/val/normal/V0326.jpg,normal
val,preprocessed_data/REFUGE1/val/normal/V0211.jpg,normal
test,preprocessed_data/REFUGE1/test/glaucoma/T0201.jpg,glaucoma
test,preprocessed_data/REFUGE1/test/glaucoma/T0368.jpg,glaucoma
test,preprocessed_data/REFUGE1/test/glaucoma/T0310.jpg,glaucoma
test,preprocessed_data/REFUGE1/test/glaucoma/T0271.jpg,glaucoma
test,preprocessed_data/REFUGE1/test/glaucoma/T0053.jpg,glaucoma
test,preprocessed_data/REFUGE1/test/glaucoma/T0094.jpg,glaucoma
test,preprocessed_data/REFUGE1/test/glaucoma/T0147.jpg,glaucoma
test,preprocessed_data/REFUGE1/test/glaucoma/T0267.jpg,glaucoma
test,preprocessed_data/REFUGE1/test/glaucoma/T0397.jpg,glaucoma
test,preprocessed_data/REFUGE1/test/glaucoma/T0370.jpg,glaucoma
test,preprocessed_data/REFUGE1/test/glaucoma/T0360.jpg,glaucoma
test,preprocessed_data/REFUGE1/test/glaucoma/T0304.jpg,glaucoma
test,preprocessed_data/REFUGE1/test/glaucoma/T0212.jpg,glaucoma
test,preprocessed_data/REFUGE1/test/glaucoma/T0116.jpg,glaucoma
test,preprocessed_data/REFUGE1/test/glaucoma/T0028.jpg,glaucoma
test,preprocessed_data/REFUGE1/test/glaucoma/T0010.jpg,glaucoma
test,preprocessed_data/REFUGE1/test/glaucoma/T0051.jpg,glaucoma
test,preprocessed_data/REFUGE1/test/glaucoma/T0346.jpg,glaucoma
test,preprocessed_data/REFUGE1/test/glaucoma/T0234.jpg,glaucoma
test,preprocessed_data/REFUGE1/test/glaucoma/T0031.jpg,glaucoma
test,preprocessed_data/REFUGE1/test/glaucoma/T0342.jpg,glaucoma
test,preprocessed_data/REFUGE1/test/glaucoma/T0240.jpg,glaucoma
test,preprocessed_data/REFUGE1/test/glaucoma/T0371.jpg,glaucoma
test,preprocessed_data/REFUGE1/test/glaucoma/T0322.jpg,glaucoma
test,preprocessed_data/REFUGE1/test/glaucoma/T0295.jpg,glaucoma
test,preprocessed_data/REFUGE1/test/glaucoma/T0063.jpg,glaucoma
test,preprocessed_data/REFUGE1/test/glaucoma/T0049.jpg,glaucoma
test,preprocessed_data/REFUGE1/test/glaucoma/T0315.jpg,glaucoma
test,preprocessed_data/REFUGE1/test/glaucoma/T0059.jpg,glaucoma
test,preprocessed_data/REFUGE1/test/glaucoma/T0131.jpg,glaucoma
test,preprocessed_data/REFUGE1/test/glaucoma/T0320.jpg,glaucoma
test,preprocessed_data/REFUGE1/test/glaucoma/T0188.jpg,glaucoma
test,preprocessed_data/REFUGE1/test/glaucoma/T0176.jpg,glaucoma
test,preprocessed_data/REFUGE1/test/glaucoma/T0223.jpg,glaucoma
test,preprocessed_data/REFUGE1/test/glaucoma/T0155.jpg,glaucoma
test,preprocessed_data/REFUGE1/test/glaucoma/T0017.jpg,glaucoma
test,preprocessed_data/REFUGE1/test/glaucoma/T0250.jpg,glaucoma
test,preprocessed_data/REFUGE1/test/glaucoma/T0306.jpg,glaucoma
test,preprocessed_data/REFUGE1/test/glaucoma/T0363.jpg,glaucoma
test,preprocessed_data/REFUGE1/test/glaucoma/T0263.jpg,glaucoma
test,preprocessed_data/REFUGE1/test/normal/T0218.jpg,normal
test,preprocessed_data/REFUGE1/test/normal/T0140.jpg,normal
test,preprocessed_data/REFUGE1/test/normal/T0141.jpg,normal
test,preprocessed_data/REFUGE1/test/normal/T0089.jpg,normal
test,preprocessed_data/REFUGE1/test/normal/T0121.jpg,normal
test,preprocessed_data/REFUGE1/test/normal/T0257.jpg,normal
test,preprocessed_data/REFUGE1/test/normal/T0325.jpg,normal
test,preprocessed_data/REFUGE1/test/normal/T0130.jpg,normal
test,preprocessed_data/REFUGE1/test/normal/T0398.jpg,normal
test,preprocessed_data/REFUGE1/test/normal/T0064.jpg,normal
test,preprocessed_data/REFUGE1/test/normal/T0355.jpg,normal
test,preprocessed_data/REFUGE1/test/normal/T0337.jpg,normal
test,preprocessed_data/REFUGE1/test/normal/T0366.jpg,normal
test,preprocessed_data/REFUGE1/test/normal/T0014.jpg,normal
test,preprocessed_data/REFUGE1/test/normal/T0247.jpg,normal
test,preprocessed_data/REFUGE1/test/normal/T0303.jpg,normal
test,preprocessed_data/REFUGE1/test/normal/T0281.jpg,normal
test,preprocessed_data/REFUGE1/test/normal/T0392.jpg,normal
test,preprocessed_data/REFUGE1/test/normal/T0383.jpg,normal
test,preprocessed_data/REFUGE1/test/normal/T0134.jpg,normal
test,preprocessed_data/REFUGE1/test/normal/T0235.jpg,normal
test,preprocessed_data/REFUGE1/test/normal/T0340.jpg,normal
test,preprocessed_data/REFUGE1/test/normal/T0174.jpg,normal
test,preprocessed_data/REFUGE1/test/normal/T0012.jpg,normal
test,preprocessed_data/REFUGE1/test/normal/T0195.jpg,normal
test,preprocessed_data/REFUGE1/test/normal/T0377.jpg,normal
test,preprocessed_data/REFUGE1/test/normal/T0208.jpg,normal
test,preprocessed_data/REFUGE1/test/normal/T0124.jpg,normal
test,preprocessed_data/REFUGE1/test/normal/T0239.jpg,normal
test,preprocessed_data/REFUGE1/test/normal/T0380.jpg,normal
test,preprocessed_data/REFUGE1/test/normal/T0096.jpg,normal
test,preprocessed_data/REFUGE1/test/normal/T0251.jpg,normal
test,preprocessed_data/REFUGE1/test/normal/T0205.jpg,normal
test,preprocessed_data/REFUGE1/test/normal/T0365.jpg,normal
test,preprocessed_data/REFUGE1/test/normal/T0328.jpg,normal
test,preprocessed_data/REFUGE1/test/normal/T0225.jpg,normal
test,preprocessed_data/REFUGE1/test/normal/T0373.jpg,normal
test,preprocessed_data/REFUGE1/test/normal/T0159.jpg,normal
test,preprocessed_data/REFUGE1/test/normal/T0329.jpg,normal
test,preprocessed_data/REFUGE1/test/normal/T0389.jpg,normal
test,preprocessed_data/REFUGE1/test/normal/T0106.jpg,normal
test,preprocessed_data/REFUGE1/test/normal/T0115.jpg,normal
test,preprocessed_data/REFUGE1/test/normal/T0292.jpg,normal
test,preprocessed_data/REFUGE1/test/normal/T0199.jpg,normal
test,preprocessed_data/REFUGE1/test/normal/T0214.jpg,normal
test,preprocessed_data/REFUGE1/test/normal/T0290.jpg,normal
test,preprocessed_data/REFUGE1/test/normal/T0394.jpg,normal
test,preprocessed_data/REFUGE1/test/normal/T0103.jpg,normal
test,preprocessed_data/REFUGE1/test/normal/T0361.jpg,normal
test,preprocessed_data/REFUGE1/test/normal/T0381.jpg,normal
test,preprocessed_data/REFUGE1/test/normal/T0123.jpg,normal
test,preprocessed_data/REFUGE1/test/normal/T0165.jpg,normal
test,preprocessed_data/REFUGE1/test/normal/T0275.jpg,normal
test,preprocessed_data/REFUGE1/test/normal/T0151.jpg,normal
test,preprocessed_data/REFUGE1/test/normal/T0302.jpg,normal
test,preprocessed_data/REFUGE1/test/normal/T0388.jpg,normal
test,preprocessed_data/REFUGE1/test/normal/T0390.jpg,normal
test,preprocessed_data/REFUGE1/test/normal/T0351.jpg,normal
test,preprocessed_data/REFUGE1/test/normal/T0268.jpg,normal
test,preprocessed_data/REFUGE1/test/normal/T0019.jpg,normal
test,preprocessed_data/REFUGE1/test/normal/T0117.jpg,normal
test,preprocessed_data/REFUGE1/test/normal/T0288.jpg,normal
test,preprocessed_data/REFUGE1/test/normal/T0139.jpg,normal
test,preprocessed_data/REFUGE1/test/normal/T0146.jpg,normal
test,preprocessed_data/REFUGE1/test/normal/T0164.jpg,normal
test,preprocessed_data/REFUGE1/test/normal/T0364.jpg,normal
test,preprocessed_data/REFUGE1/test/normal/T0009.jpg,normal
test,preprocessed_data/REFUGE1/test/normal/T0314.jpg,normal
test,preprocessed_data/REFUGE1/test/normal/T0279.jpg,normal
test,preprocessed_data/REFUGE1/test/normal/T0072.jpg,normal
test,preprocessed_data/REFUGE1/test/normal/T0220.jpg,normal
test,preprocessed_data/REFUGE1/test/normal/T0185.jpg,normal
test,preprocessed_data/REFUGE1/test/normal/T0083.jpg,normal
test,preprocessed_data/REFUGE1/test/normal/T0085.jpg,normal
test,preprocessed_data/REFUGE1/test/normal/T0192.jpg,normal
test,preprocessed_data/REFUGE1/test/normal/T0301.jpg,normal
test,preprocessed_data/REFUGE1/test/normal/T0163.jpg,normal
test,preprocessed_data/REFUGE1/test/normal/T0287.jpg,normal
test,preprocessed_data/REFUGE1/test/normal/T0046.jpg,normal
test,preprocessed_data/REFUGE1/test/normal/T0330.jpg,normal
test,preprocessed_data/REFUGE1/test/normal/T0136.jpg,normal
test,preprocessed_data/REFUGE1/test/normal/T0179.jpg,normal
test,preprocessed_data/REFUGE1/test/normal/T0232.jpg,normal
test,preprocessed_data/REFUGE1/test/normal/T0043.jpg,normal
test,preprocessed_data/REFUGE1/test/normal/T0339.jpg,normal
test,preprocessed_data/REFUGE1/test/normal/T0092.jpg,normal
test,preprocessed_data/REFUGE1/test/normal/T0217.jpg,normal
test,preprocessed_data/REFUGE1/test/normal/T0177.jpg,normal
test,preprocessed_data/REFUGE1/test/normal/T0244.jpg,normal
test,preprocessed_data/REFUGE1/test/normal/T0050.jpg,normal
test,preprocessed_data/REFUGE1/test/normal/T0137.jpg,normal
test,preprocessed_data/REFUGE1/test/normal/T0352.jpg,normal
test,preprocessed_data/REFUGE1/test/normal/T0219.jpg,normal
test,preprocessed_data/REFUGE1/test/normal/T0256.jpg,normal
test,preprocessed_data/REFUGE1/test/normal/T0161.jpg,normal
test,preprocessed_data/REFUGE1/test/normal/T0138.jpg,normal
test,preprocessed_data/REFUGE1/test/normal/T0282.jpg,normal
test,preprocessed_data/REFUGE1/test/normal/T0075.jpg,normal
test,preprocessed_data/REFUGE1/test/normal/T0077.jpg,normal
test,preprocessed_data/REFUGE1/test/normal/T0261.jpg,normal
test,preprocessed_data/REFUGE1/test/normal/T0021.jpg,normal
test,preprocessed_data/REFUGE1/test/normal/T0056.jpg,normal
test,preprocessed_data/REFUGE1/test/normal/T0169.jpg,normal
test,preprocessed_data/REFUGE1/test/normal/T0152.jpg,normal
test,preprocessed_data/REFUGE1/test/normal/T0249.jpg,normal
test,preprocessed_data/REFUGE1/test/normal/T0125.jpg,normal
test,preprocessed_data/REFUGE1/test/normal/T0135.jpg,normal
test,preprocessed_data/REFUGE1/test/normal/T0160.jpg,normal
test,preprocessed_data/REFUGE1/test/normal/T0318.jpg,normal
test,preprocessed_data/REFUGE1/test/normal/T0153.jpg,normal
test,preprocessed_data/REFUGE1/test/normal/T0020.jpg,normal
test,preprocessed_data/REFUGE1/test/normal/T0041.jpg,normal
test,preprocessed_data/REFUGE1/test/normal/T0080.jpg,normal
test,preprocessed_data/REFUGE1/test/normal/T0016.jpg,normal
test,preprocessed_data/REFUGE1/test/normal/T0044.jpg,normal
test,preprocessed_data/REFUGE1/test/normal/T0132.jpg,normal
test,preprocessed_data/REFUGE1/test/normal/T0242.jpg,normal
test,preprocessed_data/REFUGE1/test/normal/T0011.jpg,normal
test,preprocessed_data/REFUGE1/test/normal/T0338.jpg,normal
test,preprocessed_data/REFUGE1/test/normal/T0062.jpg,normal
test,preprocessed_data/REFUGE1/test/normal/T0362.jpg,normal
test,preprocessed_data/REFUGE1/test/normal/T0126.jpg,normal
test,preprocessed_data/REFUGE1/test/normal/T0100.jpg,normal
test,preprocessed_data/REFUGE1/test/normal/T0133.jpg,normal
test,preprocessed_data/REFUGE1/test/normal/T0148.jpg,normal
test,preprocessed_data/REFUGE1/test/normal/T0166.jpg,normal
test,preprocessed_data/REFUGE1/test/normal/T0090.jpg,normal
test,preprocessed_data/REFUGE1/test/normal/T0349.jpg,normal
test,preprocessed_data/REFUGE1/test/normal/T0058.jpg,normal
test,preprocessed_data/REFUGE1/test/normal/T0129.jpg,normal
test,preprocessed_data/REFUGE1/test/normal/T0305.jpg,normal
test,preprocessed_data/REFUGE1/test/normal/T0379.jpg,normal
test,preprocessed_data/REFUGE1/test/normal/T0196.jpg,normal
test,preprocessed_data/REFUGE1/test/normal/T0022.jpg,normal
test,preprocessed_data/REFUGE1/test/normal/T0156.jpg,normal
test,preprocessed_data/REFUGE1/test/normal/T0068.jpg,normal
test,preprocessed_data/REFUGE1/test/normal/T0216.jpg,normal
test,preprocessed_data/REFUGE1/test/normal/T0189.jpg,normal
test,preprocessed_data/REFUGE1/test/normal/T0081.jpg,normal
test,preprocessed_data/REFUGE1/test/normal/T0013.jpg,normal
test,preprocessed_data/REFUGE1/test/normal/T0229.jpg,normal
test,preprocessed_data/REFUGE1/test/normal/T0170.jpg,normal
test,preprocessed_data/REFUGE1/test/normal/T0127.jpg,normal
test,preprocessed_data/REFUGE1/test/normal/T0285.jpg,normal
test,preprocessed_data/REFUGE1/test/normal/T0323.jpg,normal
test,preprocessed_data/REFUGE1/test/normal/T0248.jpg,normal
test,preprocessed_data/REFUGE1/test/normal/T0344.jpg,normal
test,preprocessed_data/REFUGE1/test/normal/T0264.jpg,normal
test,preprocessed_data/REFUGE1/test/normal/T0060.jpg,normal
test,preprocessed_data/REFUGE1/test/normal/T0006.jpg,normal
test,preprocessed_data/REFUGE1/test/normal/T0313.jpg,normal
test,preprocessed_data/REFUGE1/test/normal/T0149.jpg,normal
test,preprocessed_data/REFUGE1/test/normal/T0093.jpg,normal
test,preprocessed_data/REFUGE1/test/normal/T0215.jpg,normal
test,preprocessed_data/REFUGE1/test/normal/T0055.jpg,normal
test,preprocessed_data/REFUGE1/test/normal/T0008.jpg,normal
test,preprocessed_data/REFUGE1/test/normal/T0333.jpg,normal
test,preprocessed_data/REFUGE1/test/normal/T0336.jpg,normal
test,preprocessed_data/REFUGE1/test/normal/T0200.jpg,normal
test,preprocessed_data/REFUGE1/test/normal/T0347.jpg,normal
test,preprocessed_data/REFUGE1/test/normal/T0228.jpg,normal
test,preprocessed_data/REFUGE1/test/normal/T0003.jpg,normal
test,preprocessed_data/REFUGE1/test/normal/T0203.jpg,normal
test,preprocessed_data/REFUGE1/test/normal/T0341.jpg,normal
test,preprocessed_data/REFUGE1/test/normal/T0272.jpg,normal
test,preprocessed_data/REFUGE1/test/normal/T0001.jpg,normal
test,preprocessed_data/REFUGE1/test/normal/T0113.jpg,normal
test,preprocessed_data/REFUGE1/test/normal/T0102.jpg,normal
test,preprocessed_data/REFUGE1/test/normal/T0273.jpg,normal
test,preprocessed_data/REFUGE1/test/normal/T0040.jpg,normal
test,preprocessed_data/REFUGE1/test/normal/T0172.jpg,normal
test,preprocessed_data/REFUGE1/test/normal/T0400.jpg,normal
test,preprocessed_data/REFUGE1/test/normal/T0317.jpg,normal
test,preprocessed_data/REFUGE1/test/normal/T0321.jpg,normal
test,preprocessed_data/REFUGE1/test/normal/T0202.jpg,normal
test,preprocessed_data/REFUGE1/test/normal/T0076.jpg,normal
test,preprocessed_data/REFUGE1/test/normal/T0108.jpg,normal
test,preprocessed_data/REFUGE1/test/normal/T0111.jpg,normal
test,preprocessed_data/REFUGE1/test/normal/T0187.jpg,normal
test,preprocessed_data/REFUGE1/test/normal/T0289.jpg,normal
test,preprocessed_data/REFUGE1/test/normal/T0274.jpg,normal
test,preprocessed_data/REFUGE1/test/normal/T0386.jpg,normal
test,preprocessed_data/REFUGE1/test/normal/T0036.jpg,normal
test,preprocessed_data/REFUGE1/test/normal/T0122.jpg,normal
test,preprocessed_data/REFUGE1/test/normal/T0387.jpg,normal
test,preprocessed_data/REFUGE1/test/normal/T0391.jpg,normal
test,preprocessed_data/REFUGE1/test/normal/T0045.jpg,normal
test,preprocessed_data/REFUGE1/test/normal/T0007.jpg,normal
test,preprocessed_data/REFUGE1/test/normal/T0357.jpg,normal
test,preprocessed_data/REFUGE1/test/normal/T0194.jpg,normal
test,preprocessed_data/REFUGE1/test/normal/T0238.jpg,normal
test,preprocessed_data/REFUGE1/test/normal/T0042.jpg,normal
test,preprocessed_data/REFUGE1/test/normal/T0143.jpg,normal
test,preprocessed_data/REFUGE1/test/normal/T0027.jpg,normal
test,preprocessed_data/REFUGE1/test/normal/T0171.jpg,normal
test,preprocessed_data/REFUGE1/test/normal/T0069.jpg,normal
test,preprocessed_data/REFUGE1/test/normal/T0236.jpg,normal
test,preprocessed_data/REFUGE1/test/normal/T0114.jpg,normal
test,preprocessed_data/REFUGE1/test/normal/T0210.jpg,normal
test,preprocessed_data/REFUGE1/test/normal/T0374.jpg,normal
test,preprocessed_data/REFUGE1/test/normal/T0334.jpg,normal
test,preprocessed_data/REFUGE1/test/normal/T0181.jpg,normal
test,preprocessed_data/REFUGE1/test/normal/T0396.jpg,normal
test,preprocessed_data/REFUGE1/test/normal/T0112.jpg,normal
test,preprocessed_data/REFUGE1/test/normal/T0399.jpg,normal
test,preprocessed_data/REFUGE1/test/normal/T0395.jpg,normal
test,preprocessed_data/REFUGE1/test/normal/T0067.jpg,normal
test,preprocessed_data/REFUGE1/test/normal/T0221.jpg,normal
test,preprocessed_data/REFUGE1/test/normal/T0326.jpg,normal
test,preprocessed_data/REFUGE1/test/normal/T0299.jpg,normal
test,preprocessed_data/REFUGE1/test/normal/T0098.jpg,normal
test,preprocessed_data/REFUGE1/test/normal/T0032.jpg,normal
test,preprocessed_data/REFUGE1/test/normal/T0276.jpg,normal
test,preprocessed_data/REFUGE1/test/normal/T0353.jpg,normal
test,preprocessed_data/REFUGE1/test/normal/T0332.jpg,normal
test,preprocessed_data/REFUGE1/test/normal/T0246.jpg,normal
test,preprocessed_data/REFUGE1/test/normal/T0265.jpg,normal
test,preprocessed_data/REFUGE1/test/normal/T0150.jpg,normal
test,preprocessed_data/REFUGE1/test/normal/T0294.jpg,normal
test,preprocessed_data/REFUGE1/test/normal/T0243.jpg,normal
test,preprocessed_data/REFUGE1/test/normal/T0034.jpg,normal
test,preprocessed_data/REFUGE1/test/normal/T0331.jpg,normal
test,preprocessed_data/REFUGE1/test/normal/T0286.jpg,normal
test,preprocessed_data/REFUGE1/test/normal/T0023.jpg,normal
test,preprocessed_data/REFUGE1/test/normal/T0180.jpg,normal
test,preprocessed_data/REFUGE1/test/normal/T0168.jpg,normal
test,preprocessed_data/REFUGE1/test/normal/T0241.jpg,normal
test,preprocessed_data/REFUGE1/test/normal/T0270.jpg,normal
test,preprocessed_data/REFUGE1/test/normal/T0065.jpg,normal
test,preprocessed_data/REFUGE1/test/normal/T0145.jpg,normal
test,preprocessed_data/REFUGE1/test/normal/T0107.jpg,normal
test,preprocessed_data/REFUGE1/test/normal/T0348.jpg,normal
test,preprocessed_data/REFUGE1/test/normal/T0350.jpg,normal
test,preprocessed_data/REFUGE1/test/normal/T0088.jpg,normal
test,preprocessed_data/REFUGE1/test/normal/T0224.jpg,normal
test,preprocessed_data/REFUGE1/test/normal/T0039.jpg,normal
test,preprocessed_data/REFUGE1/test/normal/T0233.jpg,normal
test,preprocessed_data/REFUGE1/test/normal/T0057.jpg,normal
test,preprocessed_data/REFUGE1/test/normal/T0079.jpg,normal
test,preprocessed_data/REFUGE1/test/normal/T0252.jpg,normal
test,preprocessed_data/REFUGE1/test/normal/T0296.jpg,normal
test,preprocessed_data/REFUGE1/test/normal/T0026.jpg,normal
test,preprocessed_data/REFUGE1/test/normal/T0369.jpg,normal
test,preprocessed_data/REFUGE1/test/normal/T0260.jpg,normal
test,preprocessed_data/REFUGE1/test/normal/T0227.jpg,normal
test,preprocessed_data/REFUGE1/test/normal/T0095.jpg,normal
test,preprocessed_data/REFUGE1/test/normal/T0086.jpg,normal
test,preprocessed_data/REFUGE1/test/normal/T0175.jpg,normal
test,preprocessed_data/REFUGE1/test/normal/T0293.jpg,normal
test,preprocessed_data/REFUGE1/test/normal/T0278.jpg,normal
test,preprocessed_data/REFUGE1/test/normal/T0105.jpg,normal
test,preprocessed_data/REFUGE1/test/normal/T0119.jpg,normal
test,preprocessed_data/REFUGE1/test/normal/T0033.jpg,normal
test,preprocessed_data/REFUGE1/test/normal/T0184.jpg,normal
test,preprocessed_data/REFUGE1/test/normal/T0375.jpg,normal
test,preprocessed_data/REFUGE1/test/normal/T0015.jpg,normal
test,preprocessed_data/REFUGE1/test/normal/T0183.jpg,normal
test,preprocessed_data/REFUGE1/test/normal/T0193.jpg,normal
test,preprocessed_data/REFUGE1/test/normal/T0154.jpg,normal
test,preprocessed_data/REFUGE1/test/normal/T0071.jpg,normal
test,preprocessed_data/REFUGE1/test/normal/T0002.jpg,normal
test,preprocessed_data/REFUGE1/test/normal/T0359.jpg,normal
test,preprocessed_data/REFUGE1/test/normal/T0120.jpg,normal
test,preprocessed_data/REFUGE1/test/normal/T0283.jpg,normal
test,preprocessed_data/REFUGE1/test/normal/T0209.jpg,normal
test,preprocessed_data/REFUGE1/test/normal/T0052.jpg,normal
test,preprocessed_data/REFUGE1/test/normal/T0345.jpg,normal
test,preprocessed_data/REFUGE1/test/normal/T0300.jpg,normal
test,preprocessed_data/REFUGE1/test/normal/T0308.jpg,normal
test,preprocessed_data/REFUGE1/test/normal/T0237.jpg,normal
test,preprocessed_data/REFUGE1/test/normal/T0182.jpg,normal
test,preprocessed_data/REFUGE1/test/normal/T0084.jpg,normal
test,preprocessed_data/REFUGE1/test/normal/T0109.jpg,normal
test,preprocessed_data/REFUGE1/test/normal/T0335.jpg,normal
test,preprocessed_data/REFUGE1/test/normal/T0018.jpg,normal
test,preprocessed_data/REFUGE1/test/normal/T0324.jpg,normal
test,preprocessed_data/REFUGE1/test/normal/T0280.jpg,normal
test,preprocessed_data/REFUGE1/test/normal/T0110.jpg,normal
test,preprocessed_data/REFUGE1/test/normal/T0327.jpg,normal
test,preprocessed_data/REFUGE1/test/normal/T0230.jpg,normal
test,preprocessed_data/REFUGE1/test/normal/T0078.jpg,normal
test,preprocessed_data/REFUGE1/test/normal/T0384.jpg,normal
test,preprocessed_data/REFUGE1/test/normal/T0266.jpg,normal
test,preprocessed_data/REFUGE1/test/normal/T0211.jpg,normal
test,preprocessed_data/REFUGE1/test/normal/T0354.jpg,normal
test,preprocessed_data/REFUGE1/test/normal/T0231.jpg,normal
test,preprocessed_data/REFUGE1/test/normal/T0073.jpg,normal
test,preprocessed_data/REFUGE1/test/normal/T0382.jpg,normal
test,preprocessed_data/REFUGE1/test/normal/T0198.jpg,normal
test,preprocessed_data/REFUGE1/test/normal/T0378.jpg,normal
test,preprocessed_data/REFUGE1/test/normal/T0307.jpg,normal
test,preprocessed_data/REFUGE1/test/normal/T0253.jpg,normal
test,preprocessed_data/REFUGE1/test/normal/T0142.jpg,normal
test,preprocessed_data/REFUGE1/test/normal/T0316.jpg,normal
test,preprocessed_data/REFUGE1/test/normal/T0104.jpg,normal
test,preprocessed_data/REFUGE1/test/normal/T0358.jpg,normal
test,preprocessed_data/REFUGE1/test/normal/T0030.jpg,normal
test,preprocessed_data/REFUGE1/test/normal/T0091.jpg,normal
test,preprocessed_data/REFUGE1/test/normal/T0298.jpg,normal
test,preprocessed_data/REFUGE1/test/normal/T0312.jpg,normal
test,preprocessed_data/REFUGE1/test/normal/T0029.jpg,normal
test,preprocessed_data/REFUGE1/test/normal/T0186.jpg,normal
test,preprocessed_data/REFUGE1/test/normal/T0070.jpg,normal
test,preprocessed_data/REFUGE1/test/normal/T0048.jpg,normal
test,preprocessed_data/REFUGE1/test/normal/T0158.jpg,normal
test,preprocessed_data/REFUGE1/test/normal/T0258.jpg,normal
test,preprocessed_data/REFUGE1/test/normal/T0259.jpg,normal
test,preprocessed_data/REFUGE1/test/normal/T0035.jpg,normal
test,preprocessed_data/REFUGE1/test/normal/T0167.jpg,normal
test,preprocessed_data/REFUGE1/test/normal/T0157.jpg,normal
test,preprocessed_data/REFUGE1/test/normal/T0101.jpg,normal
test,preprocessed_data/REFUGE1/test/normal/T0144.jpg,normal
test,preprocessed_data/REFUGE1/test/normal/T0297.jpg,normal
test,preprocessed_data/REFUGE1/test/normal/T0054.jpg,normal
test,preprocessed_data/REFUGE1/test/normal/T0226.jpg,normal
test,preprocessed_data/REFUGE1/test/normal/T0385.jpg,normal
test,preprocessed_data/REFUGE1/test/normal/T0222.jpg,normal
test,preprocessed_data/REFUGE1/test/normal/T0087.jpg,normal
test,preprocessed_data/REFUGE1/test/normal/T0178.jpg,normal
test,preprocessed_data/REFUGE1/test/normal/T0038.jpg,normal
test,preprocessed_data/REFUGE1/test/normal/T0269.jpg,normal
test,preprocessed_data/REFUGE1/test/normal/T0191.jpg,normal
test,preprocessed_data/REFUGE1/test/normal/T0005.jpg,normal
test,preprocessed_data/REFUGE1/test/normal/T0343.jpg,normal
test,preprocessed_data/REFUGE1/test/normal/T0311.jpg,normal
test,preprocessed_data/REFUGE1/test/normal/T0097.jpg,normal
test,preprocessed_data/REFUGE1/test/normal/T0047.jpg,normal
test,preprocessed_data/REFUGE1/test/normal/T0291.jpg,normal
test,preprocessed_data/REFUGE1/test/normal/T0255.jpg,normal
test,preprocessed_data/REFUGE1/test/normal/T0319.jpg,normal
test,preprocessed_data/REFUGE1/test/normal/T0074.jpg,normal
test,preprocessed_data/REFUGE1/test/normal/T0099.jpg,normal
test,preprocessed_data/REFUGE1/test/normal/T0284.jpg,normal
test,preprocessed_data/REFUGE1/test/normal/T0162.jpg,normal
test,preprocessed_data/REFUGE1/test/normal/T0025.jpg,normal
test,preprocessed_data/REFUGE1/test/normal/T0245.jpg,normal
test,preprocessed_data/REFUGE1/test/normal/T0004.jpg,normal
test,preprocessed_data/REFUGE1/test/normal/T0206.jpg,normal
test,preprocessed_data/REFUGE1/test/normal/T0190.jpg,normal
test,preprocessed_data/REFUGE1/test/normal/T0213.jpg,normal
test,preprocessed_data/REFUGE1/test/normal/T0309.jpg,normal
test,preprocessed_data/REFUGE1/test/normal/T0372.jpg,normal
test,preprocessed_data/REFUGE1/test/normal/T0066.jpg,normal
test,preprocessed_data/REFUGE1/test/normal/T0024.jpg,normal
test,preprocessed_data/REFUGE1/test/normal/T0254.jpg,normal
test,preprocessed_data/REFUGE1/test/normal/T0128.jpg,normal
test,preprocessed_data/REFUGE1/test/normal/T0207.jpg,normal
test,preprocessed_data/REFUGE1/test/normal/T0393.jpg,normal
test,preprocessed_data/REFUGE1/test/normal/T0262.jpg,normal
test,preprocessed_data/REFUGE1/test/normal/T0197.jpg,normal
test,preprocessed_data/REFUGE1/test/normal/T0061.jpg,normal
test,preprocessed_data/REFUGE1/test/normal/T0376.jpg,normal
test,preprocessed_data/REFUGE1/test/normal/T0367.jpg,normal
test,preprocessed_data/REFUGE1/test/normal/T0356.jpg,normal
test,preprocessed_data/REFUGE1/test/normal/T0173.jpg,normal
test,preprocessed_data/REFUGE1/test/normal/T0037.jpg,normal
test,preprocessed_data/REFUGE1/test/normal/T0204.jpg,normal
test,preprocessed_data/REFUGE1/test/normal/T0277.jpg,normal
test,preprocessed_data/REFUGE1/test/normal/T0082.jpg,normal
test,preprocessed_data/REFUGE1/test/normal/T0118.jpg,normal
